"Artist","Artist country","Artist genre","Viberate rank","Genre rank","Instagram","X","Soundcloud"
"Ariana Grande","United States","Pop","6","4","is following","not following","not following"
"Rihanna","Barbados","Pop","10","6","both","both","not following"
"Katy Perry","United States","Pop","20","15","not following","both","not following"
"Dua Lipa","United Kingdom","Pop","23","18","both","both","not following"
"Jason Derulo","United States","Pop","25","19","not following","is following","not following"
"Nicki Minaj","United States","Hip Hop","26","3","is following","both","not following"
"Post Malone","United States","Hip Hop","30","5","not following","both","not following"
"Imagine Dragons","United States","Rock","36","2","not following","is following","not following"
"David Guetta","France","Electronic","40","1","both","both","not following"
"Marshmello","United States","Electronic","41","2","not following","both","not following"
"Sia","Australia","Pop","46","27","not following","both","not following"
"Shawn Mendes","Canada","Pop","48","29","is following","not following","not following"
"Harry Styles","United Kingdom","Pop","51","30","not following","both","not following"
"Jennifer Lopez","United States","Pop","58","32","not following","not following","is following"
"Snoop Dogg","United States","Hip Hop","61","9","not following","both","not following"
"Sam Smith","United Kingdom","Pop","67","35","both","both","not following"
"Metro Boomin","United States","Hip Hop","75","13","not following","both","not following"
"Anitta","Brazil","Pop","81","42","is following","not following","not following"
"Sabrina Carpenter","United States","Pop","82","43","not following","is following","not following"
"Avicii","Sweden","Electronic","84","5","both","both","not following"
"Charlie Puth","United States","Pop","85","44","not following","both","not following"
"Enrique Iglesias","Spain","Pop","86","45","not following","is following","not following"
"The Chainsmokers","United States","Electronic","92","6","is following","both","not following"
"OneRepublic","United States","Pop","99","50","not following","both","not following"
"Don Omar","Puerto Rico","Latin","100","19","not following","is following","not following"
"Becky G","United States","Latin","106","21","not following","both","not following"
"DJ Snake","France","Electronic","122","7","both","both","not following"
"Halsey","United States","Pop","137","62","is following","both","not following"
"Ellie Goulding","United Kingdom","Pop","143","68","both","both","not following"
"Khalid","United States","Pop","145","69","both","both","not following"
"Lewis Capaldi","United Kingdom","Pop","147","70","both","both","not following"
"Meghan Trainor","United States","Pop","153","74","is following","is following","not following"
"Tiësto","Netherlands","Electronic","162","8","both","both","not following"
"DJ Khaled","United States","Hip Hop","166","27","is following","both","not following"
"Troye Sivan","Australia","Pop","195","95","not following","both","not following"
"ROSALÍA","Spain","Pop","203","98","is following","not following","not following"
"Burna Boy","Nigeria","African","207","1","not following","is following","not following"
"AVA MAX","United States","Pop","208","101","is following","is following","not following"
"Major Lazer","Jamaica","Electronic","209","9","not following","both","not following"
"Martin Garrix","Netherlands","Electronic","212","10","both","both","not following"
"Ne-Yo","United States","R&B","213","6","is following","not following","not following"
"Morat","Colombia","Pop","218","103","not following","is following","not following"
"Sean Paul","Jamaica","Reggae","220","1","not following","both","not following"
"Anirudh Ravichander","India","Pop","235","110","is following","not following","not following"
"Tyler, the Creator","United States","Hip Hop","245","50","is following","not following","not following"
"Davido","Nigeria","African","251","3","is following","not following","not following"
"Flo Rida","United States","Hip Hop","262","56","not following","is following","not following"
"Kygo","Norway","Electronic","269","12","is following","both","not following"
"Zara Larsson","Sweden","Pop","275","118","not following","is following","not following"
"Skrillex","United States","Electronic","280","13","both","not following","not following"
"Bryson Tiller","United States","R&B","289","9","not following","both","not following"
"Jessie J","United Kingdom","Pop","299","126","is following","both","not following"
"Pharrell Williams","United States","R&B","323","12","both","not following","not following"
"Niall Horan","Ireland","Pop","327","137","both","not following","not following"
"Macklemore","United States","Hip Hop","348","74","not following","both","not following"
"Nelly Furtado","Canada","Pop","355","147","not following","both","not following"
"T-Pain","United States","R&B","361","15","not following","both","not following"
"Wizkid","Nigeria","African","363","4","not following","both","not following"
"Mac Miller","United States","Hip Hop","388","84","not following","both","not following"
"Lil Yachty","United States","Hip Hop","389","85","not following","both","not following"
"Maiara & Maraisa","Brazil","Latin","396","71","not following","is following","not following"
"G-Eazy","United States","Hip Hop","399","87","not following","both","not following"
"Clean Bandit","United Kingdom","Pop","418","167","not following","is following","not following"
"Armaan Malik","India","Pop","423","170","not following","is following","not following"
"Calum Scott","United Kingdom","Pop","424","171","is following","is following","not following"
"Lindsey Stirling","United States","Classical","434","1","not following","is following","not following"
"Carlos Vives","Colombia","Pop","443","177","is following","not following","not following"
"Zedd","United States","Electronic","454","15","both","both","not following"
"Kehlani","United States","R&B","471","23","is following","not following","not following"
"Gwen Stefani","United States","Pop","472","187","not following","both","not following"
"Steve Lacy","United States","R&B","473","24","both","not following","not following"
"Big Sean","United States","Hip Hop","487","105","both","both","not following"
"Danny Ocean","Venezuela","Pop","514","201","is following","not following","not following"
"The Living Tombstone","United States","Electronic","524","17","not following","is following","not following"
"Labrinth","United Kingdom","Pop","529","204","not following","both","not following"
"Mark Ronson","United Kingdom","Pop","531","205","both","both","not following"
"Rita Ora","United Kingdom","Pop","565","212","both","not following","not following"
"Armin Van Buuren","Netherlands","Electronic","570","18","not following","is following","not following"
"Robin Schulz","Germany","Electronic","571","19","is following","is following","not following"
"Carly Rae Jepsen","Canada","Pop","575","217","not following","both","not following"
"Pablo Alboran","Spain","Pop","577","218","not following","is following","not following"
"Diplo","United States","Electronic","582","21","both","both","not following"
"Dimitri Vegas & Like Mike","Belgium","Electronic","591","22","is following","not following","not following"
"PARTYNEXTDOOR","Canada","R&B","595","29","not following","both","not following"
"Nick Jonas","United States","Pop","625","225","is following","both","not following"
"Lauv","United States","Pop","630","226","not following","is following","not following"
"Jonas Blue","United Kingdom","Electronic","632","26","is following","both","is following"
"Liam Payne","United Kingdom","Pop","709","252","is following","both","not following"
"Dennis DJ","Brazil","Latin","717","128","is following","not following","is following"
"James Blunt","United Kingdom","Pop","739","258","not following","both","not following"
"Benny Blanco","United States","Pop","745","260","both","both","not following"
"Gloria Trevi","Mexico","Pop","751","261","is following","is following","not following"
"Meduza","Italy","Electronic","752","27","not following","is following","not following"
"Alesso","Sweden","Electronic","753","28","not following","both","not following"
"will.i.am","United States","Pop","766","270","not following","both","not following"
"Steve Aoki","United States","Electronic","785","30","both","not following","not following"
"MC Kevin o Chris","Brazil","Latin","805","143","not following","not following","is following"
"Empire Of The Sun","Australia","Pop","807","290","not following","not following","is following"
"Sophie Ellis-Bextor","United Kingdom","Pop","816","295","not following","both","not following"
"Dido","United Kingdom","Pop","844","307","is following","is following","not following"
"R3hab","Netherlands","Electronic","845","31","both","both","not following"
"George Ezra","United Kingdom","Pop","852","309","not following","is following","not following"
"IZA","Brazil","R&B","864","44","not following","is following","not following"
"Cali Y El Dandee","Colombia","Latin","886","153","is following","not following","not following"
"Louis Tomlinson","United Kingdom","Pop","887","329","both","both","not following"
"6LACK","United States","R&B","896","48","not following","both","not following"
"Clairo","United States","Pop","904","340","not following","is following","not following"
"Ofenbach","France","Electronic","918","32","is following","not following","not following"
"Soulja Boy","United States","Hip Hop","924","177","not following","both","not following"
"Rag'n'Bone Man","United Kingdom","R&B","945","50","both","is following","not following"
"Xand Avião","Brazil","Latin","957","161","is following","not following","not following"
"Felix Jaehn","Germany","Electronic","958","35","is following","is following","not following"
"Afrojack","Netherlands","Electronic","975","36","both","both","not following"
"Becky Hill","United Kingdom","Pop","980","362","is following","is following","not following"
"Hardwell","Netherlands","Electronic","994","37","is following","both","not following"
"W&W","Netherlands","Electronic","995","38","not following","is following","not following"
"Disclosure","United Kingdom","Electronic","1001","39","both","both","is following"
"Tove Lo","Sweden","Pop","1009","376","is following","not following","not following"
"Leona Lewis","United Kingdom","Pop","1022","380","is following","is following","not following"
"James Hype","United Kingdom","Electronic","1027","40","is following","is following","not following"
"Victoria Monét","United States","R&B","1029","53","is following","is following","not following"
"Taio Cruz","United Kingdom","Pop","1041","389","is following","not following","not following"
"Alexander Stewart","Canada","Pop","1044","390","not following","is following","not following"
"Logic","United States","Hip Hop","1046","194","is following","is following","not following"
"Gente De Zona","Cuba","Latin","1060","174","not following","is following","not following"
"Kungs","France","Electronic","1091","43","is following","is following","not following"
"NEFFEX","United States","Electronic","1100","44","is following","not following","not following"
"Melody","Brazil","Pop","1102","413","is following","not following","not following"
"Jax Jones","United Kingdom","Electronic","1103","45","is following","both","not following"
"Tyrese","United States","R&B","1128","58","is following","not following","not following"
"John Newman","United Kingdom","Pop","1130","420","both","both","not following"
"Purple Disco Machine","Germany","Electronic","1135","47","is following","not following","not following"
"Benny Benassi","Italy","Electronic","1139","48","is following","both","not following"
"Galantis","Sweden","Electronic","1140","49","is following","not following","not following"
"Lucas Lucco","Brazil","Latin","1170","192","is following","not following","not following"
"Normani","United States","Pop","1178","434","both","not following","not following"
"Ella Henderson","United Kingdom","Pop","1187","438","not following","is following","not following"
"Flume","Australia","Electronic","1221","51","not following","both","not following"
"X Ambassadors","United States","Rock","1227","118","is following","not following","not following"
"Jão","Brazil","Pop","1251","459","not following","is following","not following"
"Manuel Medrano","Colombia","Pop","1257","461","not following","is following","not following"
"Jess Glynne","United Kingdom","Pop","1258","462","not following","both","not following"
"Bob Sinclar","France","Electronic","1265","52","not following","is following","not following"
"ScHoolboy Q","United States","Hip Hop","1266","231","both","both","not following"
"Nicole Scherzinger","United States","Pop","1278","469","is following","not following","not following"
"Wale","United States","Hip Hop","1285","238","not following","both","not following"
"Vintage Culture","Brazil","Electronic","1298","54","is following","is following","not following"
"Olly Murs","United Kingdom","Pop","1313","479","not following","is following","not following"
"CKay","Nigeria","African","1314","20","not following","not following","is following"
"Gabry Ponte","Italy","Electronic","1332","55","is following","is following","is following"
"DJ Nelson","Puerto Rico","Latin","1340","218","is following","is following","is following"
"Afgan","Indonesia","Pop","1353","491","is following","is following","not following"
"Joel Corry","United Kingdom","Electronic","1355","56","not following","is following","not following"
"Noah Cyrus","United States","Pop","1364","494","is following","is following","not following"
"Walk Off the Earth","Canada","Pop","1371","497","is following","is following","not following"
"Lil Jon","United States","Hip Hop","1372","256","is following","not following","is following"
"Dom Dolla","Australia","Electronic","1379","57","is following","is following","not following"
"Topic","Germany","Electronic","1381","58","is following","not following","not following"
"Kodaline","Ireland","Rock","1433","143","not following","is following","not following"
"Grimes","Albania","Pop","1453","519","not following","is following","not following"
"Jonita Gandhi","India","Pop","1477","528","is following","not following","not following"
"Timmy Trumpet","Australia","Electronic","1479","63","is following","is following","is following"
"alt-J","United Kingdom","Rock","1488","151","not following","both","not following"
"Bhad Bhabie","United States","Hip Hop","1504","284","not following","is following","not following"
"Nina Simone","United States","R&B","1507","79","not following","is following","not following"
"Jamiroquai","United Kingdom","R&B","1510","80","both","is following","not following"
"Kid Ink","United States","Hip Hop","1514","288","not following","is following","not following"
"Ryan Lewis","United States","Hip Hop","1517","289","not following","both","not following"
"Dillon Francis","United States","Electronic","1525","64","both","both","is following"
"Vanessa Hudgens","United States","Pop","1548","548","not following","both","not following"
"Stefflon Don","United Kingdom","Hip Hop","1554","295","is following","not following","not following"
"Tinashe","United States","R&B","1556","82","both","both","not following"
"Snow Patrol","United Kingdom","Rock","1564","162","not following","is following","not following"
"Popcaan","Jamaica","Reggae","1567","14","not following","both","not following"
"Colbie Caillat","United States","Pop","1571","553","not following","is following","not following"
"Alvaro Soler","Spain","Pop","1573","554","is following","not following","not following"
"Fedez","Italy","Hip Hop","1576","302","is following","both","not following"
"Rudimental","United Kingdom","Electronic","1589","65","is following","both","not following"
"Moby","United States","Electronic","1595","66","not following","not following","is following"
"Duke Dumont","United Kingdom","Electronic","1598","67","not following","both","not following"
"Dimitri Vegas","Belgium","Electronic","1615","69","not following","is following","not following"
"TheFatRat","Germany","Electronic","1634","70","not following","is following","is following"
"Two Feet","United States","Pop","1657","576","not following","is following","not following"
"Yura Yunita","Indonesia","Pop","1664","579","is following","not following","not following"
"Paloma Faith","United Kingdom","Pop","1665","580","not following","is following","not following"
"Tierry","Brazil","Latin","1667","257","is following","not following","not following"
"Simi","Nigeria","African","1668","26","is following","not following","not following"
"Marco Mengoni","Italy","Pop","1673","584","is following","not following","not following"
"Michael Bolton","United States","R&B","1697","92","is following","is following","not following"
"Roy Orbison","United States","Pop","1748","612","not following","is following","not following"
"Omarion","United States","R&B","1768","96","not following","is following","not following"
"Jain","France","Pop","1776","624","not following","is following","not following"
"HUGEL","United States","Electronic","1778","78","is following","not following","not following"
"Dej Loaf","United States","Hip Hop","1779","345","is following","both","not following"
"Maggie Lindemann","United States","Pop","1788","631","not following","both","not following"
"Hande Yener","Turkey","Pop","1814","639","is following","is following","not following"
"Icona Pop","Sweden","Pop","1835","649","is following","not following","not following"
"Juan Magan","Spain","Pop","1837","650","not following","is following","not following"
"Mike Perry","Sweden","Electronic","1840","80","is following","is following","not following"
"Bomba Estéreo","Colombia","Latin","1856","277","not following","is following","not following"
"Jordin Sparks","United States","Pop","1883","667","not following","both","not following"
"Lali","Argentina","Pop","1884","668","is following","is following","not following"
"Norma Jean Martine","United States","Pop","1902","675","is following","not following","not following"
"Max","United States","Pop","1930","688","not following","is following","not following"
"TakeOff","United States","Hip Hop","1931","367","is following","not following","not following"
"Carlos Baute","Venezuela","Pop","1937","690","is following","not following","not following"
"Mustard","United States","Hip Hop","1950","372","not following","is following","not following"
"Now United","United States","Pop","1958","700","not following","is following","not following"
"Pusha T","United States","Hip Hop","1977","376","not following","both","not following"
"Rich Brian f.k.a Rich Chigga","Indonesia","Hip Hop","1985","377","not following","is following","not following"
"Emma Marrone","Italy","Pop","1987","711","is following","both","not following"
"Elvis Crespo","Puerto Rico","Latin","2011","296","not following","is following","not following"
"Kira Kosarin","United States","R&B","2035","110","not following","is following","not following"
"Waka Flocka Flame","United States","Hip Hop","2039","386","not following","is following","not following"
"Sigala","United Kingdom","Electronic","2042","90","is following","is following","not following"
"Yoko Ono","United States","Pop","2045","728","not following","is following","not following"
"Portugal. The Man","United States","Rock","2052","204","not following","is following","not following"
"Nicky Romero","Netherlands","Electronic","2060","92","is following","both","not following"
"Naughty Boy","United Kingdom","Pop","2087","742","not following","both","not following"
"Sky Rompiendo","Colombia","Hip Hop","2089","400","is following","not following","not following"
"DJ Maphorisa","South Africa","Electronic","2116","94","is following","not following","not following"
"Pocah","Brazil","Latin","2121","309","is following","not following","not following"
"Oliver Heldens","Netherlands","Electronic","2132","95","is following","both","not following"
"Deorro","United States","Electronic","2155","96","is following","not following","not following"
"Dustin Lynch","United States","Country","2156","54","is following","not following","not following"
"Nasty C","South Africa","Hip Hop","2158","411","is following","not following","not following"
"Willy William","France","Pop","2161","765","is following","not following","not following"
"Tom Walker","United Kingdom","Pop","2171","768","is following","not following","not following"
"Smash Mouth","United States","Rock","2190","222","not following","is following","not following"
"Mike WiLL Made-It","United States","Hip Hop","2204","417","not following","both","not following"
"Banda Los Sebastianes de Saúl Plata","Mexico","Latin","2255","324","not following","is following","not following"
"Johnny Orlando","Canada","Pop","2266","800","not following","is following","not following"
"Manuel Carrasco","Spain","Pop","2278","803","is following","not following","not following"
"Louane","France","Pop","2296","810","is following","not following","not following"
"Gaby Music","Puerto Rico","Latin","2297","332","is following","not following","not following"
"Sam Feldt","Netherlands","Electronic","2298","103","not following","is following","not following"
"Adam Lambert","United States","Pop","2299","811","is following","is following","not following"
"MK","United States","Electronic","2301","104","is following","both","not following"
"Jessie Reyez","Canada","R&B","2319","124","both","both","not following"
"K-391","Norway","Electronic","2323","107","is following","is following","not following"
"SLANDER","United States","Electronic","2327","108","is following","is following","is following"
"Nothing but Thieves","United Kingdom","Rock","2364","240","is following","not following","not following"
"Craig David","United Kingdom","R&B","2370","128","is following","is following","not following"
"Don Diablo","Netherlands","Electronic","2376","111","not following","is following","not following"
"Boosie Badazz","United States","Hip Hop","2383","444","not following","is following","not following"
"Aminé","United States","Hip Hop","2385","445","not following","both","not following"
"The Kiffness","South Africa","Electronic","2401","113","is following","is following","not following"
"Ashe","United States","Pop","2406","840","not following","not following","is following"
"Cascada","Germany","Electronic","2413","115","not following","is following","not following"
"Paty Cantu","Mexico","Pop","2446","852","is following","is following","not following"
"Joe Jonas","United States","Pop","2459","860","is following","not following","not following"
"KSHMR","United States","Electronic","2467","117","is following","is following","not following"
"Fatboy Slim","United Kingdom","Electronic","2476","118","both","both","not following"
"Gryffin","United States","Electronic","2477","119","is following","not following","not following"
"Eric Prydz","United States","Electronic","2497","121","not following","both","not following"
"MNEK","United Kingdom","Pop","2511","874","is following","both","not following"
"KC and The Sunshine Band","United States","R&B","2530","137","not following","is following","not following"
"Iyaz","British Virgin Islands","Pop","2566","895","not following","is following","not following"
"Teni","Nigeria","African","2599","39","is following","not following","not following"
"Lauren Jauregui","United States","Pop","2614","910","not following","both","not following"
"Geena Fontanella","United States","Pop","2624","914","not following","is following","not following"
"Blue Man Group","United States","Rock","2631","268","not following","is following","not following"
"Edward Maya","Moldova","Electronic","2643","128","is following","is following","not following"
"The Chemical Brothers","United Kingdom","Electronic","2651","129","both","both","not following"
"Barry Manilow","United States","Pop","2653","924","not following","is following","not following"
"Andy Grammer","United States","Pop","2655","925","not following","is following","not following"
"JP Cooper","United Kingdom","Pop","2659","927","is following","not following","not following"
"Ella Eyre","United Kingdom","Pop","2665","930","is following","not following","not following"
"AronChupa","Sweden","Electronic","2670","131","is following","not following","not following"
"Emeli Sandé","United Kingdom","Pop","2671","933","is following","both","not following"
"Zoe Wees","Germany","Pop","2675","934","not following","is following","not following"
"Martin Solveig","France","Electronic","2687","134","both","both","not following"
"Jasmine Thompson","United Kingdom","Pop","2690","939","is following","not following","not following"
"Bakermat","Netherlands","Electronic","2694","135","is following","not following","not following"
"Chris Lake","United States","Electronic","2701","137","both","both","not following"
"The Kolors","Italy","Pop","2720","948","is following","not following","not following"
"Ummet Ozcan","Netherlands","Electronic","2727","138","is following","not following","not following"
"Aleks Syntek","Mexico","Pop","2744","957","not following","is following","not following"
"Faith Evans","United States","R&B","2750","146","not following","is following","not following"
"Vidi Aldiano","Indonesia","Pop","2760","963","is following","both","not following"
"Sonny Fodera","United Kingdom","Electronic","2763","141","is following","both","is following"
"Tom Grennan","United Kingdom","Pop","2768","968","is following","is following","not following"
"Cian Ducrot","United Kingdom","Pop","2784","975","not following","is following","not following"
"Bobby Shmurda","United States","Hip Hop","2796","526","not following","is following","not following"
"Pia Mia","United States","Pop","2808","982","is following","is following","not following"
"Omar Varela","Argentina","Electronic","2810","143","is following","not following","not following"
"Rico Blanco","Philippines","Rock","2833","279","not following","is following","not following"
"HRVY","United Kingdom","Pop","2844","995","is following","not following","not following"
"Gloria Gaynor","United States","R&B","2845","149","not following","is following","not following"
"Chaka Khan","United States","R&B","2877","150","not following","both","not following"
"D.O.D","United Kingdom","Electronic","2901","149","is following","not following","not following"
"Alisha Chinai","India","Pop","2902","1012","is following","is following","not following"
"Madilyn Bailey","United States","Pop","2907","1015","not following","is following","not following"
"Alexandra Stan","Romania","Electronic","2913","150","not following","is following","not following"
"Majid Jordan","Canada","R&B","2937","151","is following","both","not following"
"Jovanotti","Italy","Pop","2955","1032","not following","is following","not following"
"Riton","United Kingdom","Electronic","2958","154","is following","not following","not following"
"Black Coffee","South Africa","Electronic","2967","155","both","not following","not following"
"Leony","Germany","Pop","2984","1044","not following","is following","not following"
"VINAI","Italy","Electronic","2985","157","is following","is following","not following"
"Tinie Tempah","United Kingdom","Hip Hop","3014","567","both","is following","is following"
"Seeb","Norway","Electronic","3027","160","not following","is following","not following"
"Maxwell","United States","R&B","3040","157","not following","is following","not following"
"Giulia Be","Brazil","Pop","3065","1070","not following","is following","not following"
"Dennis Lloyd","Israel","Pop","3101","1085","is following","not following","not following"
"SHOUSE","Australia","Electronic","3132","170","not following","not following","is following"
"HAIM","United States","Pop","3141","1095","is following","both","not following"
"ATB","Germany","Electronic","3178","176","is following","is following","not following"
"Paul van Dyk","Germany","Electronic","3199","179","is following","is following","not following"
"Vampire Weekend","United States","Rock","3200","312","not following","is following","not following"
"Sebastian Ingrosso","Sweden","Electronic","3204","180","both","both","not following"
"Kaskade","United States","Electronic","3209","181","is following","both","is following"
"Vini Vici","Israel","Electronic","3220","182","is following","not following","not following"
"CamelPhat","United Kingdom","Electronic","3228","183","both","both","not following"
"Ray Dalton","United States","Pop","3236","1127","not following","is following","not following"
"Axwell","Sweden","Electronic","3244","184","both","both","not following"
"E.G. Daily","United States","Pop","3265","1138","is following","not following","not following"
"LOBODA","Ukraine","Pop","3267","1139","is following","not following","not following"
"Showtek","Netherlands","Electronic","3285","191","is following","both","is following"
"Steve Angello","Sweden","Electronic","3321","194","both","both","not following"
"Twista","United States","Hip Hop","3336","635","not following","is following","not following"
"The Jacksons","United States","R&B","3419","177","is following","not following","not following"
"Tauren Wells","United States","Religious","3458","84","is following","not following","not following"
"Emma Heesters","Netherlands","Pop","3474","1207","is following","not following","not following"
"A Great Big World","United States","Pop","3482","1213","not following","is following","not following"
"tony ann","Canada","Classical","3483","22","not following","not following","is following"
"Gabriel Diniz","Brazil","Pop","3485","1214","is following","not following","not following"
"John Martin","Sweden","Electronic","3488","208","is following","not following","not following"
"Zeeba","United States","Pop","3540","1234","is following","not following","not following"
"Too $hort","United States","Hip Hop","3629","695","not following","is following","not following"
"Celia Cruz","Cuba","Latin","3634","494","not following","is following","not following"
"Dubdogz","Brazil","Electronic","3648","217","is following","not following","is following"
"Gorgon City","United Kingdom","Electronic","3669","218","is following","is following","not following"
"Max Korzh","Belarus","Hip Hop","3676","703","is following","not following","not following"
"Claptone","Germany","Electronic","3703","222","is following","is following","not following"
"Whethan","United States","Electronic","3712","224","not following","is following","is following"
"Anthony Hamilton","United States","R&B","3715","187","not following","is following","not following"
"Sidoka","Brazil","Hip Hop","3722","712","not following","is following","is following"
"Cody Simpson","Australia","Pop","3739","1294","is following","not following","not following"
"Vicetone","Netherlands","Electronic","3797","230","not following","is following","not following"
"Maddix","Netherlands","Electronic","3805","231","is following","is following","not following"
"Redfoo","United States","Pop","3830","1329","is following","is following","not following"
"Christina Milian","United States","R&B","3837","193","not following","both","not following"
"Eric Nam (에릭남)","South Korea","Pop","3925","1366","is following","not following","not following"
"LUM!X","Austria","Electronic","3931","237","is following","not following","not following"
"Don Jazzy","Nigeria","African","3965","60","not following","is following","not following"
"Au/Ra","United States","Pop","3972","1381","is following","not following","not following"
"Petit Biscuit","France","Electronic","4010","242","is following","not following","not following"
"John Roa","Philippines","Pop","4021","1402","not following","is following","not following"
"Nico & Vinz","Norway","Pop","4048","1411","not following","is following","not following"
"The Local Train","India","Rock","4057","396","is following","not following","not following"
"Vince Staples","United States","Hip Hop","4064","782","not following","both","not following"
"Idris Elba","United Kingdom","Hip Hop","4093","787","not following","both","not following"
"Leslie Grace","United States","Pop","4101","1425","is following","both","not following"
"Blasterjaxx","Netherlands","Electronic","4108","250","is following","is following","not following"
"Charles Aznavour","France","European","4126","12","not following","is following","not following"
"Plain White T's","United States","Rock","4127","404","not following","is following","not following"
"Salt-N-Pepa","United States","Hip Hop","4132","793","is following","not following","not following"
"Todd Terry","United States","Electronic","4207","258","is following","both","not following"
"Porter Robinson","United States","Electronic","4217","259","both","both","not following"
"La Mafia","United States","Pop","4230","1469","not following","is following","not following"
"Gala","United States","Electronic","4236","261","is following","not following","not following"
"Patrick Brasca","Taiwan","Pop","4254","1477","is following","not following","not following"
"Ritviz","India","Electronic","4256","262","not following","not following","is following"
"Chelsea Cutler","United States","Pop","4266","1479","not following","not following","is following"
"Bruno Martini","Brazil","Electronic","4304","265","is following","not following","not following"
"Sage The Gemini","United States","Hip Hop","4322","820","is following","not following","not following"
"Masew","Vietnam","Pop","4324","1502","not following","is following","not following"
"Gianluca Vacchi","Italy","Electronic","4331","268","not following","is following","not following"
"Basshunter","Sweden","Electronic","4334","269","not following","is following","not following"
"DJ Matt D","Brazil","Latin","4349","577","is following","not following","not following"
"Metronomy","United Kingdom","Rock","4367","434","not following","is following","not following"
"Disciples","United Kingdom","Electronic","4399","276","not following","not following","is following"
"Lara Fabian","Belgium","Pop","4413","1535","is following","not following","not following"
"Joe","United States","R&B","4415","208","not following","is following","not following"
"Sub Focus","United Kingdom","Electronic","4435","277","not following","both","not following"
"Bas","United States","Hip Hop","4436","840","is following","is following","not following"
"Alle Farben","Germany","Electronic","4439","278","is following","not following","not following"
"Julian Perretta","United Kingdom","Pop","4468","1554","not following","is following","not following"
"Major League DJz","South Africa","Electronic","4483","282","is following","is following","not following"
"Travie McCoy","United States","Pop","4498","1565","not following","is following","not following"
"DJ Antoine","Switzerland","Electronic","4520","284","not following","is following","is following"
"Murat Dalkılıç","Turkey","Pop","4542","1578","not following","is following","not following"
"Tujamo","Germany","Electronic","4548","285","not following","is following","not following"
"Smiley","Romania","Pop","4552","1582","not following","is following","not following"
"D12","United States","Hip Hop","4578","863","not following","is following","not following"
"Pav Dharia","Australia","Pop","4585","1596","is following","not following","not following"
"Benedetta Caretta","Italy","Pop","4600","1603","is following","not following","not following"
"Nicolas Germano","Brazil","Pop","4629","1614","is following","not following","not following"
"Luchè","Italy","Hip Hop","4689","890","is following","not following","not following"
"Vika Jigulina","Romania","Electronic","4701","293","is following","is following","not following"
"Sabrina Claudio","United States","R&B","4712","223","not following","both","not following"
"DJ Cuppy","United Kingdom","African","4751","68","is following","is following","not following"
"Jessie Ware","United Kingdom","Pop","4754","1649","is following","both","not following"
"Mochakk","Brazil","Electronic","4767","297","not following","is following","not following"
"BUNT.","Germany","Electronic","4772","300","is following","not following","not following"
"Nico Santos","Germany","Pop","4777","1655","is following","not following","not following"
"Fedde Le Grand","Netherlands","Electronic","4784","303","is following","both","not following"
"Above & Beyond","United Kingdom","Electronic","4785","304","not following","is following","not following"
"Dayanara","Ecuador","Pop","4787","1656","is following","not following","not following"
"Lang Lang (郎朗)","China","Classical","4795","40","not following","is following","not following"
"Matoma","Norway","Electronic","4808","306","is following","not following","not following"
"Fey","Mexico","Pop","4816","1666","is following","not following","not following"
"Crush (크러쉬)","South Korea","Pop","4843","1673","is following","not following","not following"
"Tamar Braxton","United States","R&B","4874","232","is following","not following","not following"
"Alina Baraz","United States","Pop","4907","1694","not following","is following","is following"
"BEAUZ","United States","Electronic","4927","313","not following","is following","not following"
"LIZOT","Germany","Electronic","4930","315","is following","not following","not following"
"Prakriti Kakar","India","Pop","4939","1702","is following","not following","not following"
"The Corrs","Ireland","Rock","4958","491","not following","is following","not following"
"Dizzee Rascal","United Kingdom","Hip Hop","5007","950","not following","not following","is following"
"Ally Brooke","United States","Pop","5024","1721","not following","is following","not following"
"Kardinal Offishall","Canada","Hip Hop","5025","952","is following","is following","not following"
"HONNE","United Kingdom","Pop","5030","1723","is following","is following","not following"
"Zezo Potiguar","Brazil","Latin","5045","653","not following","not following","is following"
"DVBBS","Canada","Electronic","5081","322","is following","not following","not following"
"Alice Deejay","Netherlands","Electronic","5084","323","not following","is following","not following"
"Tank","United States","R&B","5116","250","not following","is following","not following"
"Brennan Heart","Netherlands","Electronic","5119","326","is following","is following","not following"
"We The Kings","United States","Punk","5127","31","not following","is following","not following"
"Gavin DeGraw","United States","Pop","5150","1767","not following","is following","not following"
"Jimmy Cliff","Jamaica","Reggae","5175","54","is following","not following","not following"
"NERVO","Australia","Electronic","5181","331","is following","not following","not following"
"Baby K","Italy","Pop","5188","1776","is following","not following","not following"
"Kendall K","United States","Pop","5217","1788","is following","not following","not following"
"Cheryl","United Kingdom","Pop","5222","1791","is following","both","not following"
"Corona","Italy","Pop","5261","1809","is following","is following","not following"
"Echosmith","United States","Pop","5291","1821","is following","not following","not following"
"Yll Limani","Kosovo","Pop","5299","1826","not following","is following","not following"
"Amerie","United States","R&B","5304","258","not following","both","not following"
"2 Unlimited","Netherlands","Electronic","5315","342","not following","is following","not following"
"Hannah Laing","United Kingdom","Electronic","5389","345","is following","is following","is following"
"Juicy M","Ukraine","Electronic","5391","346","not following","is following","not following"
"Nayer","United States","Pop","5403","1860","not following","is following","not following"
"Darude","Finland","Electronic","5432","349","not following","is following","is following"
"Emeline","United States","Pop","5448","1878","not following","is following","not following"
"Toploader","United Kingdom","Rock","5456","542","not following","is following","not following"
"Collie Buddz","Bermuda","Reggae","5483","63","is following","is following","not following"
"Cleo","Brazil","Pop","5511","1901","is following","is following","not following"
"Klangkarussell","Austria","Electronic","5523","356","is following","not following","not following"
"Trisha Yearwood","United States","Country","5531","134","not following","is following","not following"
"Mohombi","Sweden","R&B","5532","268","not following","is following","not following"
"Ric Hassani","Nigeria","African","5561","77","is following","not following","not following"
"Tom Gregory","United Kingdom","Pop","5570","1920","is following","not following","not following"
"Bootsy Collins","United States","R&B","5575","271","not following","is following","not following"
"Eli Brown","United Kingdom","Electronic","5594","367","both","both","not following"
"Bars and Melody","United Kingdom","Pop","5601","1930","not following","is following","not following"
"Freya Ridings","United Kingdom","Pop","5604","1931","is following","is following","not following"
"VICCO","Spain","Pop","5606","1932","not following","is following","not following"
"Loredana Berte","Italy","Pop","5612","1934","not following","is following","not following"
"DJ Soda","South Korea","Electronic","5613","370","not following","not following","is following"
"Dimension","United Kingdom","Electronic","5623","372","not following","is following","not following"
"Debbie Gibson","United States","Rock","5650","560","is following","is following","not following"
"Grey","United States","Electronic","5698","376","not following","is following","not following"
"DJ Drama","United States","Hip Hop","5699","1059","is following","is following","not following"
"Ludwig Göransson","United States","Classical","5765","49","not following","is following","not following"
"Klaas","Germany","Electronic","5767","380","not following","is following","not following"
"A$AP Mob","United States","Hip Hop","5773","1075","not following","both","not following"
"Tan Taşçı","Turkey","Pop","5803","2000","is following","not following","not following"
"03 Greedo","United States","Hip Hop","5830","1083","is following","not following","not following"
"Mura Masa","United Kingdom","Electronic","5846","385","is following","is following","not following"
"Parmalee","United States","Country","5860","140","is following","not following","not following"
"Mahalia","United Kingdom","R&B","5863","279","not following","is following","not following"
"Roy Woods","Canada","Hip Hop","5874","1092","not following","both","not following"
"KVSH","Brazil","Electronic","5906","390","is following","not following","not following"
"Sheppard","Australia","Pop","5908","2038","not following","is following","not following"
"Nucleya","India","Electronic","5909","391","is following","not following","not following"
"Joe Budden","United States","Hip Hop","5934","1104","not following","both","not following"
"Wilkinson","United Kingdom","Electronic","5958","393","is following","is following","not following"
"Mikky Ekko","United States","Pop","5965","2065","is following","not following","not following"
"Rezz","Canada","Electronic","5967","395","not following","is following","is following"
"Yaga & Mackie","Puerto Rico","Latin","5975","763","not following","is following","not following"
"Foxes","United Kingdom","Pop","5981","2068","not following","both","not following"
"Mc Koringa","Brazil","Latin","5995","765","is following","not following","not following"
"Iyanya","Nigeria","African","6004","86","not following","is following","not following"
"The Magician","Belgium","Electronic","6011","396","is following","is following","not following"
"Bassjackers","Netherlands","Electronic","6022","398","not following","is following","not following"
"Makano","Panama","Latin","6041","769","is following","not following","not following"
"Bfb Da Packman","United States","Hip Hop","6042","1120","not following","is following","not following"
"Kiesza","Canada","Pop","6050","2095","is following","both","not following"
"Daniela Andrade","Canada","Pop","6057","2098","not following","is following","not following"
"Raghav","India","Pop","6067","2101","not following","is following","not following"
"Cloonee","United Kingdom","Electronic","6073","400","not following","is following","not following"
"Akull","India","Pop","6077","2107","is following","not following","not following"
"Dinah Jane","United States","R&B","6078","285","is following","both","not following"
"Luude","Australia","Electronic","6100","402","is following","is following","not following"
"Morten","Denmark","Electronic","6102","404","is following","is following","not following"
"Sukriti Kakar","India","Pop","6112","2119","is following","is following","not following"
"Madeon","United States","Electronic","6115","408","is following","both","is following"
"DJ Premier","United States","Hip Hop","6116","1127","both","is following","not following"
"AKA","South Africa","Hip Hop","6176","1139","is following","not following","not following"
"Andra Day","United States","R&B","6196","290","not following","is following","not following"
"Max Barskih","Ukraine","Pop","6203","2145","is following","not following","not following"
"Zeds Dead","Canada","Electronic","6234","417","is following","is following","not following"
"Nguyễn Trần Trung Quân","Vietnam","Pop","6240","2157","is following","not following","not following"
"SHELLEY","United States","Hip Hop","6250","1157","not following","both","not following"
"Cat Dealers","Brazil","Electronic","6259","419","is following","not following","is following"
"Angerfist","Netherlands","Electronic","6272","421","is following","not following","not following"
"Will Sparks","Australia","Electronic","6290","422","is following","is following","not following"
"DJ Zinhle","South Africa","Electronic","6318","426","is following","not following","not following"
"DJ Spinall","Nigeria","African","6395","91","is following","not following","not following"
"Majestic","United Kingdom","Electronic","6511","438","not following","both","is following"
"Kenny Beats","United States","Hip Hop","6525","1213","not following","is following","not following"
"Colt Ford","United States","Country","6607","157","is following","not following","not following"
"Arlo Parks","United Kingdom","Pop","6608","2286","not following","not following","is following"
"Scissor Sisters","United States","Pop","6621","2290","is following","is following","not following"
"Havana Brown","Australia","Electronic","6628","445","is following","is following","is following"
"Example","United Kingdom","Electronic","6645","446","both","is following","not following"
"DJ Pv","Brazil","Religious","6646","188","is following","not following","not following"
"Us The Duo","United States","Pop","6653","2305","not following","is following","not following"
"Quintino","Netherlands","Electronic","6660","449","is following","is following","not following"
"Bru-C","United Kingdom","Electronic","6689","455","is following","not following","not following"
"Jermaine Dupri","United States","Hip Hop","6710","1239","is following","is following","not following"
"Bruninho & Davi","Brazil","Latin","6722","833","not following","is following","not following"
"Sara Evans","United States","Country","6744","162","not following","is following","not following"
"Gabzy","United Kingdom","African","6746","94","not following","not following","is following"
"A-Trak","Canada","Electronic","6755","458","both","both","not following"
"Antent","Russian Federation","Electronic","6772","459","not following","not following","is following"
"Jamie Jones","United Kingdom","Electronic","6804","461","both","not following","not following"
"LB Único","Brazil","Pop","6806","2350","is following","not following","not following"
"Swizz Beatz","United States","Hip Hop","6817","1262","is following","not following","not following"
"Sigma","United Kingdom","Electronic","6823","464","is following","both","not following"
"Laidback Luke","Netherlands","Electronic","6828","465","not following","is following","not following"
"Gavin James","Ireland","Pop","6874","2376","not following","is following","not following"
"IAmChino","United States","Latin","6888","847","is following","is following","not following"
"Alex Gaudino","Italy","Electronic","6898","466","is following","is following","not following"
"Lucas & Steve","Netherlands","Electronic","6957","469","is following","is following","is following"
"Yall","Spain","Electronic","6988","470","is following","not following","not following"
"Headhunterz","Netherlands","Electronic","7005","471","is following","not following","not following"
"SHAUN (숀)","South Korea","Pop","7064","2442","is following","not following","not following"
"Unlike Pluto","United States","Pop","7081","2447","not following","is following","not following"
"Apashe","Canada","Electronic","7085","476","not following","is following","not following"
"The Knocks","United States","Electronic","7102","478","is following","is following","not following"
"Wolfmother","Australia","Rock","7110","715","not following","is following","not following"
"The Avener","France","Electronic","7114","479","is following","not following","not following"
"BadBadNotGood","Canada","Jazz","7148","34","not following","is following","not following"
"SOUND OF LEGEND","France","Electronic","7194","483","is following","not following","not following"
"Macy Gray","United States","R&B","7206","335","not following","is following","not following"
"Nu Aspect","United Kingdom","Electronic","7248","485","not following","is following","not following"
"Dawid Kwiatkowski","Poland","Pop","7254","2495","not following","is following","not following"
"Giorgio Moroder","Italy","Electronic","7320","489","not following","is following","is following"
"DJ Kayz","France","Hip Hop","7335","1355","not following","is following","not following"
"Feride Hilal Akın","Turkey","Pop","7348","2533","is following","not following","not following"
"ItaloBrothers","Germany","Electronic","7372","491","is following","is following","not following"
"Tropkillaz","Brazil","Latin","7373","901","not following","is following","not following"
"Merk & Kremont","Italy","Electronic","7381","492","is following","is following","is following"
"Crystal Waters","United States","Electronic","7450","499","not following","is following","not following"
"Alexander Acha","Mexico","Pop","7454","2563","is following","is following","not following"
"Pascal Letoublon","France","Electronic","7463","500","is following","not following","not following"
"Travis Porter","United States","Hip Hop","7469","1384","not following","not following","is following"
"Bipolar Sunshine","United Kingdom","Pop","7496","2572","not following","is following","not following"
"Mark Knight","United Kingdom","Electronic","7512","504","both","both","not following"
"Noizu","United States","Electronic","7516","505","is following","not following","not following"
"SG Lewis","United Kingdom","Electronic","7522","506","both","both","not following"
"Otilia","Romania","Pop","7541","2584","not following","not following","is following"
"El Futuro Fuera De Orbita","United States","Latin","7552","920","not following","is following","not following"
"NSG","United Kingdom","Hip Hop","7554","1404","is following","not following","not following"
"VASSY","Australia","Pop","7571","2596","is following","not following","not following"
"Raja Kumari","United States","Hip Hop","7574","1407","not following","is following","not following"
"Tiffany","United States","Rock","7622","770","not following","is following","not following"
"David Garrett","United States","Classical","7630","65","not following","is following","not following"
"Wé Ani","United States","Pop","7743","2652","is following","not following","not following"
"Margaret","Poland","Pop","7749","2658","is following","not following","not following"
"Rennan da Penha","Brazil","Latin","7755","942","is following","is following","not following"
"Yuna","Malaysia","Pop","7762","2664","not following","is following","not following"
"KIKO RIVERA","Spain","Pop","7781","2670","not following","is following","not following"
"Oriana","Argentina","Pop","7796","2674","is following","is following","not following"
"Mako","United States","Electronic","7802","526","not following","is following","not following"
"Kelly Price","United States","R&B","7810","363","not following","is following","not following"
"Papatinho","Brazil","Hip Hop","7813","1453","is following","not following","not following"
"Ina Wroldsen","Norway","Pop","7818","2681","is following","not following","not following"
"Mohsen Yeganeh","Iran","Middle Eastern","7834","69","not following","is following","not following"
"Chris Lorenzo","United Kingdom","Electronic","7845","528","is following","not following","not following"
"Lexy Panterra","United States","Pop","7867","2696","not following","is following","not following"
"Funkmaster Flex","United States","Hip Hop","7912","1475","is following","not following","not following"
"Bhaskar","Brazil","Electronic","7913","533","is following","not following","not following"
"Aiyana-Lee","United States","Pop","7936","2718","is following","not following","not following"
"Superfruit","United States","Pop","7954","2726","not following","is following","not following"
"Maleek Berry","United Kingdom","R&B","7975","373","is following","is following","not following"
"El Chacal","Cuba","Latin","8020","967","is following","is following","not following"
"Chanel West Coast","United States","Hip Hop","8078","1511","is following","is following","not following"
"Moska","Colombia","Electronic","8123","549","is following","not following","not following"
"Bob Moses","Canada","Electronic","8149","552","is following","not following","not following"
"Dreezy","United States","Hip Hop","8174","1529","not following","both","not following"
"Boys Noize","Germany","Electronic","8180","554","both","both","not following"
"KREAM","Norway","Electronic","8186","555","is following","is following","is following"
"Two Friends","United States","Electronic","8220","556","is following","not following","not following"
"Netsky","Belgium","Electronic","8254","559","is following","is following","not following"
"Zomboy","United Kingdom","Electronic","8266","560","not following","is following","not following"
"Hibell","United Kingdom","Electronic","8267","561","is following","is following","is following"
"Stereoact","Germany","Electronic","8285","562","is following","not following","not following"
"Murda Beatz","Canada","Hip Hop","8312","1556","not following","both","not following"
"Liu","Brazil","Electronic","8315","564","is following","is following","not following"
"Synapson","France","Electronic","8335","565","is following","not following","not following"
"Elvin Grey (Элвин Грей)","Russian Federation","Pop","8385","2870","is following","not following","not following"
"Francis Mercier","United States","Electronic","8393","567","not following","is following","not following"
"Odd Mob","Australia","Electronic","8399","568","not following","not following","is following"
"Nero","United Kingdom","Electronic","8420","571","not following","both","not following"
"Fumaratto","Colombia","Electronic","8465","576","not following","not following","is following"
"Emelie Hollow","Norway","Pop","8468","2899","not following","is following","not following"
"Hayden James","Australia","Electronic","8472","577","is following","not following","not following"
"GASHI","United States","Hip Hop","8511","1593","is following","not following","not following"
"Stamp (แสตมป์)","Thailand","Pop","8528","2921","is following","not following","not following"
"Tyler Shaw","Canada","Pop","8660","2958","is following","not following","not following"
"Pixie Lott","United Kingdom","Pop","8679","2962","is following","not following","not following"
"Die Lochis","Germany","Pop","8681","2963","not following","is following","not following"
"Rebecca Black","United States","Pop","8690","2971","is following","not following","is following"
"Mike Candys","Switzerland","Electronic","8699","593","is following","is following","not following"
"Renato Russo","Brazil","Rock","8715","873","not following","is following","not following"
"Jacob Banks","United Kingdom","R&B","8721","400","not following","both","not following"
"Obie Trice","United States","Hip Hop","8780","1670","not following","is following","not following"
"DJ Bl3nd","United States","Electronic","8795","597","not following","not following","is following"
"BloodPop","United States","Electronic","8808","598","is following","both","not following"
"TroyBoi","United Kingdom","Electronic","8821","600","is following","is following","not following"
"Ran-D","Netherlands","Electronic","8872","608","is following","not following","not following"
"Jerrica Alyssa","United States","Pop","8894","3033","is following","not following","not following"
"PMX SoundZ","Germany","Electronic","8913","610","not following","is following","not following"
"Carson Lueders","United States","Pop","8931","3048","not following","is following","not following"
"Pasabordo","Colombia","Pop","8934","3049","is following","not following","not following"
"Panjabi MC","United Kingdom","Electronic","8935","612","not following","is following","not following"
"Tchami","France","Electronic","8954","613","is following","is following","not following"
"Kevin Lyttle","United States","Reggae","8966","106","not following","is following","not following"
"Michele Bravi","Italy","Pop","8996","3071","is following","is following","not following"
"DJs From Mars","Italy","Electronic","9005","617","is following","is following","is following"
"Chris Avantgarde","United Kingdom","Electronic","9007","618","is following","is following","not following"
"Nick Carter","United States","Pop","9038","3088","not following","is following","not following"
"Otto Knows","Sweden","Electronic","9093","628","is following","is following","not following"
"Deepend","Netherlands","Electronic","9097","630","is following","is following","not following"
"Yves V","Belgium","Electronic","9102","631","is following","is following","not following"
"DJ NYK","India","Electronic","9112","633","is following","not following","not following"
"ARIUS","United States","Electronic","9144","636","not following","is following","is following"
"Leon Thomas","United States","R&B","9167","413","not following","is following","not following"
"Molella","Italy","Electronic","9168","639","is following","not following","not following"
"3BallMTY","Mexico","Pop","9190","3136","is following","is following","not following"
"Afro Bros","Netherlands","Electronic","9222","646","not following","is following","not following"
"Gabrielle","United Kingdom","R&B","9276","415","not following","is following","not following"
"DJ Tira","South Africa","Electronic","9287","650","is following","not following","not following"
"Mr. Belt & Wezol","Netherlands","Electronic","9299","651","not following","is following","not following"
"Dakota","United Kingdom","Pop","9337","3184","is following","is following","not following"
"Jauz","United States","Electronic","9346","656","is following","both","not following"
"Louis The Child","United States","Electronic","9362","658","is following","both","not following"
"UPSAHL","United States","Pop","9388","3207","is following","not following","not following"
"LU KALA","Canada","Pop","9389","3208","not following","is following","not following"
"Kah-Lo","United States","Electronic","9442","663","not following","both","not following"
"Malla 100 Alça","Brazil","Latin","9446","1099","is following","not following","not following"
"Fabio Rovazzi","Italy","Pop","9517","3243","is following","not following","not following"
"Andy Mineo","United States","Hip Hop","9528","1817","not following","is following","not following"
"Parson James","United States","Pop","9531","3247","not following","is following","not following"
"Melanie C","United Kingdom","Pop","9552","3255","not following","is following","not following"
"Oro Solido","United States","Latin","9553","1110","not following","is following","not following"
"Firebeatz","Netherlands","Electronic","9579","673","is following","both","not following"
"Frankie J","United States","R&B","9600","427","not following","is following","not following"
"Cosmic Gate","Germany","Electronic","9612","676","not following","is following","not following"
"Trobi","Netherlands","Electronic","9636","681","not following","is following","not following"
"DubVision","Netherlands","Electronic","9651","684","is following","is following","not following"
"Infected Mushroom","Israel","Electronic","9653","685","is following","not following","not following"
"Aynur Aydın","Turkey","Pop","9673","3292","is following","not following","not following"
"Klingande","France","Electronic","9734","690","is following","not following","not following"
"BISCITS","United Kingdom","Electronic","9760","691","is following","not following","not following"
"Boy George","United Kingdom","Pop","9779","3318","is following","not following","is following"
"Busiswa","South Africa","Electronic","9807","694","is following","is following","not following"
"Marc Stout","United States","Electronic","9846","697","not following","is following","is following"
"San Holo","Netherlands","Electronic","9860","699","is following","is following","not following"
"Max Oazo","Romania","Electronic","9861","700","is following","is following","is following"
"Gluk'oZa (Глюк'oZa)","Russian Federation","Pop","9924","3370","is following","not following","not following"
"Good Times Ahead","United States","Electronic","9970","709","is following","both","not following"
"Aima Baig","Pakistan","Pop","9972","3391","is following","not following","not following"
"Fazura","Malaysia","Pop","9980","3395","is following","not following","not following"
"Will K","Australia","Electronic","9981","710","is following","not following","not following"
"Julie Bergan","Norway","Pop","9987","3398","not following","is following","not following"
"Noemi","Italy","Pop","10044","3413","not following","is following","not following"
"Rhymastic","Vietnam","Pop","10064","3423","is following","not following","is following"
"Noisestorm","Ireland","Electronic","10087","719","not following","is following","not following"
"D-Block & S-te-Fan","Netherlands","Electronic","10090","720","is following","is following","not following"
"Fly Project","Romania","Electronic","10092","721","is following","is following","not following"
"Wankelmut","Germany","Electronic","10103","724","not following","is following","not following"
"Sander van Doorn","Netherlands","Electronic","10113","726","not following","both","not following"
"Nghtmre","United States","Electronic","10134","728","not following","is following","is following"
"DallasK","United States","Electronic","10143","729","not following","is following","not following"
"Sheebah","Uganda","African","10148","165","not following","is following","not following"
"Lourdiz","United States","Hip Hop","10150","1928","not following","is following","not following"
"Kate Ryan","Belgium","Pop","10155","3450","is following","is following","not following"
"Solardo","United Kingdom","Electronic","10178","736","both","both","not following"
"Glasperlenspiel","Germany","Pop","10184","3458","is following","not following","not following"
"Jamily","Brazil","Religious","10220","306","is following","not following","not following"
"Whisnu Santika","Indonesia","Electronic","10230","743","not following","is following","not following"
"Coone","Belgium","Electronic","10236","745","is following","is following","not following"
"Francisca Valenzuela","Chile","Rock","10277","1009","not following","is following","not following"
"Mike Williams","Netherlands","Electronic","10278","752","not following","is following","is following"
"Feder","France","Electronic","10312","757","is following","not following","not following"
"Dada Life","Sweden","Electronic","10316","758","is following","both","not following"
"Ferry Corsten","Netherlands","Electronic","10331","759","not following","both","not following"
"Tommy Trash","Australia","Electronic","10353","763","not following","is following","is following"
"Chris Willis","United States","Electronic","10357","764","is following","is following","not following"
"Connie Constance","United Kingdom","Pop","10359","3516","not following","is following","not following"
"3LAU","United States","Electronic","10368","766","is following","is following","is following"
"Metro Station","United States","Rock","10375","1020","not following","is following","not following"
"Dan Caplen","United Kingdom","R&B","10376","460","is following","is following","not following"
"Smash","Russian Federation","Electronic","10382","767","is following","not following","not following"
"Charlie Sloth","United Kingdom","Hip Hop","10386","1966","not following","is following","not following"
"DJ Cobra Monterrey","Mexico","Latin","10399","1182","is following","not following","not following"
"Ariel Sheney","Cote d'Ivoire","African","10447","174","not following","is following","not following"
"Elgit Doda","Albania","European","10454","83","is following","not following","not following"
"Full Crate","Netherlands","Hip Hop","10499","1988","not following","is following","not following"
"Fuse ODG","United Kingdom","African","10561","178","not following","both","not following"
"Geegun","Russian Federation","Hip Hop","10565","2003","is following","is following","not following"
"Diogo Piçarra","Portugal","Pop","10642","3592","not following","is following","not following"
"Allie X","Canada","Pop","10679","3606","not following","is following","not following"
"DJ Shadow Dubai","United Arab Emirates","Electronic","10687","784","is following","not following","not following"
"Candi Staton","United States","R&B","10690","474","not following","is following","not following"
"iLoveMemphis","United States","Hip Hop","10719","2035","not following","is following","not following"
"DJ Kantik","Turkey","Electronic","10750","789","not following","is following","not following"
"MATTN","Belgium","Electronic","10759","791","is following","not following","not following"
"RL Grime","United States","Electronic","10776","793","is following","is following","not following"
"Atiye","Turkey","Pop","10817","3655","not following","not following","is following"
"Jimmie Allen","United States","Country","10834","244","not following","is following","not following"
"Carneyval","United States","Pop","10852","3667","not following","is following","is following"
"Digital Farm Animals","United Kingdom","Electronic","10882","809","is following","is following","not following"
"David Puentez","Germany","Electronic","10923","816","is following","is following","is following"
"Beast in black","Finland","Metal","10934","120","not following","is following","not following"
"Professor Green","United Kingdom","Hip Hop","10975","2082","both","not following","not following"
"DJ Tunez","United States","African","10990","186","not following","is following","not following"
"Lucky Luke","Lithuania","Electronic","11007","821","not following","is following","not following"
"Arman Aydin","Turkey","Electronic","11011","822","is following","is following","not following"
"DJ Dark","Romania","Electronic","11013","823","not following","not following","is following"
"James Vincent McMorrow","Ireland","Pop","11078","3733","is following","not following","not following"
"Ian Asher","United States","Electronic","11098","831","not following","not following","is following"
"Nafe Smallz","United Kingdom","Hip Hop","11123","2098","not following","is following","not following"
"Deeperise","Turkey","Electronic","11129","834","is following","not following","not following"
"Hot Since 82","United Kingdom","Electronic","11148","837","not following","is following","not following"
"Maximillian","Denmark","Pop","11154","3760","not following","is following","not following"
"Bera","Georgia","Pop","11167","3764","not following","is following","not following"
"Moguai","Germany","Electronic","11176","840","is following","both","is following"
"Donny Osmond","United States","Pop","11181","3769","is following","not following","not following"
"Arisa","Italy","Pop","11199","3775","is following","not following","not following"
"Andie Case","United States","Pop","11222","3781","not following","is following","not following"
"Ashton Irwin","Australia","Pop","11233","3785","not following","is following","not following"
"SP3CTRUM","Italy","Electronic","11340","851","is following","not following","not following"
"Young T & Bugsey","United Kingdom","Hip Hop","11362","2146","not following","both","not following"
"Block & Crown","Netherlands","Electronic","11371","854","not following","is following","not following"
"Samo","Mexico","Pop","11399","3848","not following","is following","not following"
"RaeLynn","United States","Country","11431","254","is following","not following","not following"
"Mike Jones","United States","Hip Hop","11457","2162","not following","is following","not following"
"MOTi","Netherlands","Electronic","11463","862","is following","is following","not following"
"Ferreck Dawn","Netherlands","Electronic","11469","863","is following","is following","not following"
"Busted","United Kingdom","Rock","11487","1114","is following","not following","not following"
"Julia Gomes","Brazil","Pop","11489","3881","is following","not following","not following"
"Scott Hoying","United States","Pop","11515","3890","not following","is following","not following"
"Amber Mark","United States","R&B","11544","508","is following","not following","not following"
"Smith & Thell","Sweden","Pop","11599","3923","not following","is following","not following"
"Arty","Russian Federation","Electronic","11612","873","is following","is following","not following"
"TWO LANES","Germany","Electronic","11615","875","not following","is following","not following"
"Ai","Japan","Pop","11641","3932","is following","not following","not following"
"Mario Winans","United States","R&B","11666","512","not following","is following","not following"
"Lyrica Anderson","United States","R&B","11675","513","not following","is following","not following"
"Andrew Huang","Canada","Pop","11692","3951","not following","is following","not following"
"Johnny Stimson","United States","Pop","11701","3958","is following","not following","not following"
"Yotto","Finland","Electronic","11715","883","is following","is following","not following"
"Aura Kasih","Indonesia","Pop","11721","3966","is following","not following","not following"
"Baauer","United States","Electronic","11760","888","not following","is following","not following"
"Bag Raiders","Australia","Electronic","11761","889","not following","is following","not following"
"Cashmere Cat","Norway","Electronic","11813","894","not following","is following","not following"
"Toby Romeo","Austria","Electronic","11821","895","is following","is following","is following"
"London On Da Track","United States","Hip Hop","11875","2236","both","not following","not following"
"BYU Vocal Point","United States","Pop","11887","4016","not following","is following","not following"
"Playero DJ","Puerto Rico","Latin","11897","1327","is following","not following","not following"
"Shermanology","Netherlands","Electronic","11915","903","is following","not following","not following"
"Shekhinah","South Africa","Pop","11919","4031","not following","is following","not following"
"Lyca Gairanod","Philippines","Pop","11932","4035","not following","is following","not following"
"Faul & Wad","France","Electronic","11934","905","is following","is following","not following"
"Morgan Heritage","Jamaica","Reggae","11935","133","not following","is following","not following"
"Amy Shark","Australia","Pop","11947","4040","is following","not following","not following"
"Valentino Khan","United States","Electronic","11987","909","is following","both","not following"
"Bohnes","United States","Pop","11989","4054","not following","is following","not following"
"Nina Nesbitt","United Kingdom","Pop","11992","4055","is following","is following","not following"
"Mr. Polska","Netherlands","Hip Hop","12000","2266","is following","is following","not following"
"Trevor Guthrie","Canada","Electronic","12023","913","is following","not following","not following"
"Ananta Vinnie","Indonesia","Hip Hop","12040","2274","not following","is following","not following"
"filous","Austria","Pop","12057","4072","is following","not following","not following"
"Shiadanni","Canada","Pop","12068","4074","not following","is following","not following"
"Laura Brehm","United States","Electronic","12070","918","not following","is following","is following"
"Delta Heavy","United Kingdom","Electronic","12108","920","not following","is following","not following"
"Henri Purnell","Germany","Electronic","12122","921","not following","is following","is following"
"Cassian","Australia","Electronic","12155","927","not following","is following","not following"
"LUIGUI BLEAND","United States","Latin","12174","1353","is following","is following","not following"
"Common Kings","United States","Reggae","12180","135","not following","is following","not following"
"Teriyaki Boyz","Japan","Hip Hop","12194","2314","not following","not following","is following"
"Eiza Gonzalez","Mexico","Pop","12202","4117","both","both","not following"
"Brian Tyler","United States","Electronic","12212","930","not following","is following","not following"
"CID","United States","Electronic","12216","931","is following","is following","not following"
"Charlotte Sands","United States","Pop","12242","4130","is following","not following","not following"
"Cristoph","United Kingdom","Electronic","12260","935","is following","is following","not following"
"Melis Kar","Turkey","Pop","12276","4143","not following","is following","not following"
"2Scratch","Germany","Hip Hop","12343","2349","not following","is following","not following"
"Delta Goodrem","Australia","Pop","12355","4168","is following","is following","not following"
"Jeny Preston","France","Electronic","12368","947","is following","not following","not following"
"Audien","United States","Electronic","12381","949","is following","is following","not following"
"Yolanda Be Cool","Australia","Electronic","12382","950","is following","is following","is following"
"Ice MC","United Kingdom","Hip Hop","12392","2354","not following","is following","not following"
"Blanks","Netherlands","Pop","12420","4188","not following","is following","not following"
"Isaac Hayes","United States","R&B","12441","551","not following","is following","not following"
"Kes The Band","Trinidad and Tobago","Rock","12448","1191","not following","is following","not following"
"Adventure Club","Canada","Electronic","12455","957","not following","is following","not following"
"Matisse & Sadko","Russian Federation","Electronic","12460","958","not following","is following","not following"
"Different Heaven","Spain","Electronic","12551","969","not following","is following","not following"
"Dappy","United Kingdom","Hip Hop","12568","2383","not following","is following","not following"
"Ben Nicky","United Kingdom","Electronic","12579","973","is following","not following","is following"
"Syn Cole","Estonia","Electronic","12611","976","is following","is following","not following"
"MAKJ","United States","Electronic","12614","977","is following","is following","not following"
"Victor WAO","Brazil","Hip Hop","12706","2412","not following","is following","is following"
"Niniola","Nigeria","African","12720","220","not following","is following","not following"
"Average Rob","Belgium","Hip Hop","12740","2418","not following","is following","not following"
"Gerard Joling","Netherlands","Pop","12768","4307","not following","is following","not following"
"Thierry Von Der Warth","Belgium","Electronic","12783","988","not following","is following","not following"
"Vessbroz","Netherlands","Electronic","12797","989","not following","not following","is following"
"Da Hool","Germany","Electronic","12803","990","is following","is following","not following"
"Aldy Maldini","Indonesia","Pop","12819","4322","is following","not following","not following"
"Chemical Surf","Brazil","Electronic","12841","996","is following","not following","not following"
"Paul Oakenfold","United Kingdom","Electronic","12889","998","both","both","not following"
"Natalie La Rose","United States","Pop","12890","4341","not following","both","not following"
"DJ Jazzy Jeff","United States","Hip Hop","12896","2453","not following","both","not following"
"Dogus Cabakcor","Turkey","Electronic","12909","1000","is following","not following","not following"
"Chicane","United Kingdom","Electronic","12924","1001","is following","not following","not following"
"Jim Yosef","Sweden","Electronic","12935","1003","not following","not following","is following"
"Mikolas Josef","Czech Republic","Pop","12965","4370","is following","is following","not following"
"Joy Oladokun","United States","Pop","12984","4375","not following","is following","not following"
"Peter Andre","Australia","Pop","12994","4380","is following","is following","not following"
"GoonRock","United States","Electronic","12999","1009","not following","is following","not following"
"Samantha Fox","United Kingdom","Pop","13004","4384","not following","is following","not following"
"Logan Henderson","United States","Pop","13025","4390","not following","is following","not following"
"Shift K3Y","United Kingdom","Electronic","13030","1010","is following","not following","not following"
"Fulanito","United States","Latin","13061","1427","is following","not following","is following"
"Jay Hardway","Netherlands","Electronic","13075","1015","is following","is following","not following"
"Alida","Norway","Pop","13089","4409","not following","is following","not following"
"C-bool","Poland","Electronic","13133","1022","is following","is following","not following"
"Weiss","United Kingdom","Electronic","13142","1023","is following","not following","not following"
"Camden Cox","United Kingdom","Electronic","13152","1024","is following","is following","not following"
"Grégoire","France","Pop","13159","4430","not following","is following","not following"
"Dyamante DJ","Brazil","Latin","13169","1437","not following","not following","is following"
"Wax Motif","Australia","Electronic","13171","1029","is following","both","is following"
"Karen Harding","United Kingdom","Electronic","13172","1030","is following","is following","not following"
"The Idan Raichel Project (עידן רייכל)","Israel","Pop","13176","4437","not following","is following","not following"
"Vescan","Romania","Hip Hop","13194","2501","not following","is following","not following"
"Anis Don Demina","Sweden","Pop","13195","4442","not following","is following","is following"
"KURA","Portugal","Electronic","13201","1032","is following","is following","not following"
"Zonderling","Netherlands","Electronic","13233","1034","not following","is following","not following"
"Michael Gray","United Kingdom","Electronic","13248","1035","is following","both","not following"
"The Interrupters","United States","Punk","13289","78","is following","not following","not following"
"Felix Cartal","Canada","Electronic","13316","1039","is following","is following","not following"
"Christophe Willem","France","Pop","13319","4485","not following","is following","not following"
"Riva Starr","Italy","Electronic","13368","1045","is following","both","not following"
"Angemi","Italy","Electronic","13385","1048","not following","is following","not following"
"Pawni Pandey","India","Pop","13397","4511","is following","not following","not following"
"Madeline Juno","Germany","Pop","13414","4518","is following","not following","not following"
"MistaJam","United Kingdom","Electronic","13421","1052","is following","both","not following"
"Reneé Dominique","Philippines","Pop","13430","4522","not following","is following","not following"
"Bonn","Sweden","Pop","13448","4530","not following","is following","not following"
"EDX","Switzerland","Electronic","13464","1055","not following","is following","not following"
"George Clinton","United States","R&B","13509","584","is following","is following","not following"
"Dimatik","Australia","Electronic","13511","1058","not following","is following","not following"
"Ersay Üner","Turkey","Pop","13513","4555","not following","is following","not following"
"Louis Villain","Poland","Hip Hop","13522","2565","not following","not following","is following"
"BJ The Chicago Kid","United States","R&B","13536","586","is following","is following","not following"
"SHY Martin","Sweden","Pop","13539","4561","is following","not following","not following"
"Katy B","United Kingdom","Pop","13552","4568","not following","is following","not following"
"Paul Damixie","Romania","Electronic","13641","1065","is following","is following","is following"
"Breathe Carolina","United States","Electronic","13643","1066","not following","is following","not following"
"Salaam Remi","United States","Hip Hop","13662","2595","both","not following","not following"
"S Club 7","United Kingdom","Pop","13671","4600","not following","is following","not following"
"BEN POL","Tanzania","African","13679","254","is following","not following","not following"
"David Morales","United States","Electronic","13713","1070","not following","both","is following"
"Dombresky","France","Electronic","13735","1072","is following","is following","not following"
"Emanuele Aloia","Italy","Pop","13768","4629","not following","is following","not following"
"What So Not","Australia","Electronic","13775","1076","not following","is following","not following"
"Cherub","United States","Pop","13782","4634","not following","is following","not following"
"Nic Fanciulli","United Kingdom","Electronic","13839","1083","both","is following","not following"
"Sam Gellaitry","United Kingdom","Electronic","13860","1087","not following","both","not following"
"Julia Perez","Indonesia","Pop","13874","4660","is following","not following","not following"
"Ship Wrek","United States","Electronic","13876","1089","not following","is following","not following"
"Krimsonn","Canada","Electronic","13908","1093","not following","is following","not following"
"Sultan + Shepard","United States","Electronic","13939","1096","is following","is following","not following"
"Tom Zanetti","United Kingdom","Electronic","13968","1098","not following","is following","not following"
"Kohmi Hirose","Japan","Pop","13982","4703","not following","is following","not following"
"Maddi Jane","United States","Pop","14028","4714","not following","is following","not following"
"Naska","Italy","Hip Hop","14036","2654","is following","not following","not following"
"Morgan Page","United States","Electronic","14077","1112","is following","not following","not following"
"Grace Jones","United States","Pop","14082","4734","not following","is following","not following"
"HEDEGAARD","Denmark","Electronic","14095","1115","is following","not following","not following"
"Tim Westwood","United Kingdom","Hip Hop","14104","2668","is following","not following","not following"
"Tomcraft","Germany","Electronic","14125","1118","is following","not following","not following"
"Jaded","United Kingdom","Electronic","14129","1120","is following","not following","is following"
"DJ Seinfeld","Sweden","Electronic","14152","1123","not following","is following","not following"
"Karra","United States","Electronic","14171","1125","is following","not following","not following"
"Heavy-K","South Africa","Electronic","14173","1126","is following","is following","not following"
"Jonathan Roy","Canada","Pop","14216","4776","is following","is following","not following"
"FrankJavCee","United States","Electronic","14221","1129","not following","is following","not following"
"Koven","United Kingdom","Electronic","14224","1131","not following","is following","not following"
"Raffa FL","Italy","Electronic","14270","1135","not following","is following","not following"
"ASU","Romania","European","14285","131","is following","not following","not following"
"Rebecca Ferguson","United Kingdom","Pop","14286","4800","not following","is following","not following"
"BETWEEN FRIENDS","United States","Pop","14297","4802","not following","is following","not following"
"Mike Tompkins","Canada","Pop","14307","4807","not following","not following","is following"
"Andruss","Mexico","Electronic","14312","1141","is following","is following","not following"
"Dian Sastrowardoyo","Indonesia","Pop","14313","4808","not following","is following","not following"
"Play-N-Skillz","United States","Hip Hop","14345","2717","not following","is following","not following"
"KAMRAD","Germany","Pop","14350","4826","is following","not following","not following"
"Pete Tong","United Kingdom","Electronic","14357","1144","is following","both","not following"
"Joy Williams","United States","Country","14433","302","not following","is following","not following"
"Yabesh Thapa","Nepal","Pop","14451","4862","not following","is following","not following"
"Megan Davies","United States","Pop","14460","4867","not following","is following","not following"
"Buddy","United States","Hip Hop","14463","2738","is following","not following","not following"
"Steel Banglez","United Kingdom","Hip Hop","14483","2742","is following","not following","not following"
"Peking Duk","Australia","Pop","14489","4878","is following","is following","not following"
"Sunstroke Project","Moldova","Pop","14507","4888","is following","is following","is following"
"Raf","Italy","Pop","14519","4892","not following","is following","not following"
"Kate Nash","United States","Pop","14528","4895","not following","is following","not following"
"Kayzo","United States","Electronic","14537","1153","not following","not following","is following"
"Mad Mark","Switzerland","Electronic","14566","1155","is following","is following","is following"
"Lenni-Kim","Canada","Pop","14587","4910","is following","is following","not following"
"Problem","United States","Hip Hop","14610","2764","not following","is following","not following"
"Britt Nicole","United States","Pop","14651","4928","is following","not following","not following"
"Sick Individuals","Netherlands","Electronic","14678","1162","is following","is following","not following"
"Tensnake","Germany","Electronic","14680","1163","not following","is following","not following"
"Rosenfeld","France","Pop","14698","4943","not following","not following","is following"
"Ester Dean","United States","Pop","14730","4949","not following","both","not following"
"Nitti Gritti","United States","Electronic","14752","1167","not following","is following","is following"
"Niiko x SWAE","United States","Electronic","14799","1172","is following","not following","not following"
"NAJWA FAROUK","Morocco","Pop","14845","4990","not following","is following","not following"
"Ronnie Ferrari","Poland","Hip Hop","14854","2813","not following","not following","is following"
"Audy","Indonesia","Pop","14859","4995","is following","not following","not following"
"Dirty South","Australia","Electronic","14864","1177","not following","both","not following"
"Karim Mohsen","Egypt","Pop","14913","5012","is following","not following","not following"
"Carolina Deslandes","Portugal","Pop","14928","5016","is following","not following","not following"
"Ian Storm","Netherlands","Electronic","15011","1188","is following","not following","not following"
"Sonique","United Kingdom","Electronic","15015","1189","not following","is following","not following"
"Finding Hope","United States","R&B","15019","634","is following","not following","not following"
"Erik Rubin","Mexico","Pop","15034","5049","is following","not following","not following"
"Louisa Johnson","United Kingdom","Pop","15039","5050","not following","is following","not following"
"The Snake Charmer","India","Pop","15066","5062","not following","is following","not following"
"The RAH Band","United Kingdom","Pop","15101","5075","not following","is following","not following"
"Arden Cho","United States","Pop","15116","5080","not following","is following","not following"
"Lost Kings","United States","Electronic","15144","1201","is following","is following","is following"
"Skepsis","United Kingdom","Electronic","15196","1207","is following","not following","not following"
"Datsik","Canada","Electronic","15203","1208","not following","is following","not following"
"DJ Kore","France","Hip Hop","15211","2890","is following","not following","not following"
"Patrick Topping","United Kingdom","Electronic","15224","1212","both","both","is following"
"Phoebe Killdeer","Australia","Rock","15233","1449","not following","is following","not following"
"Maskavo","Brazil","Reggae","15244","169","is following","not following","not following"
"Vandelux","United States","Electronic","15258","1214","is following","not following","not following"
"MARIANA BO","Mexico","Electronic","15277","1217","is following","not following","not following"
"Pascal Junior","Romania","Electronic","15312","1221","is following","not following","not following"
"Burns","United States","Electronic","15313","1222","both","both","is following"
"Herb Alpert","United States","Pop","15328","5145","not following","is following","not following"
"Jamie T","United Kingdom","Rock","15339","1459","is following","not following","not following"
"Gunship","United Kingdom","Pop","15342","5150","not following","is following","not following"
"Boris Way","France","Electronic","15343","1227","is following","is following","not following"
"Franky Rizardo","Netherlands","Electronic","15350","1229","is following","both","not following"
"Martina La Peligrosa","Colombia","Pop","15362","5156","is following","not following","not following"
"Rui Orlando","Angola","R&B","15385","653","is following","not following","not following"
"Flosstradamus","United States","Electronic","15404","1231","is following","not following","not following"
"Parachute","United States","Rock","15414","1466","is following","not following","not following"
"CeCe Peniston","United States","Electronic","15425","1232","is following","is following","not following"
"Tritonal","United States","Electronic","15430","1234","is following","is following","not following"
"Miami Horror","Australia","Pop","15460","5187","not following","is following","not following"
"Alesha Dixon","United Kingdom","Pop","15468","5188","not following","both","not following"
"MASSiV","Germany","Hip Hop","15495","2941","not following","is following","not following"
"Alexis Jordan","United States","Pop","15504","5202","not following","is following","not following"
"PEEKABOO","United States","Electronic","15525","1238","not following","is following","not following"
"Goldfish","South Africa","Electronic","15536","1240","not following","is following","not following"
"Wooli","United States","Electronic","15558","1243","is following","is following","not following"
"Loote","United States","Pop","15565","5220","not following","is following","not following"
"Tobiahs","Australia","Electronic","15566","1246","not following","is following","not following"
"Wretch 32","United Kingdom","Hip Hop","15585","2961","is following","both","not following"
"ADIXIA","France","Electronic","15627","1252","is following","not following","not following"
"Tez Cadey","France","Electronic","15673","1253","is following","is following","not following"
"ROZES","United States","Pop","15677","5265","not following","both","not following"
"The Tenors","Canada","Pop","15687","5270","is following","not following","not following"
"Darren Styles","United Kingdom","Electronic","15718","1258","is following","is following","is following"
"Michael Brun","Martinique","Electronic","15740","1261","is following","both","not following"
"Ultra Nate","United States","Electronic","15751","1264","is following","is following","not following"
"Booka Shade","Germany","Electronic","15778","1266","not following","both","not following"
"Cazzette","Sweden","Electronic","15901","1275","is following","is following","not following"
"TJR","United States","Electronic","15927","1277","is following","both","not following"
"Cerrone","France","Electronic","15936","1279","not following","is following","not following"
"Nielson","Netherlands","Pop","15955","5346","is following","not following","not following"
"Stefy de Cicco","Italy","Electronic","15956","1283","is following","is following","not following"
"Swagg Man","United States","Hip Hop","15960","3045","not following","is following","not following"
"Le Castle Vania","United States","Electronic","15970","1286","not following","not following","is following"
"Tania Libertad","Mexico","Latin","15979","1680","is following","is following","not following"
"Adassa","United States","Latin","16013","1686","not following","not following","is following"
"Friction","United Kingdom","Electronic","16029","1293","is following","not following","not following"
"Jai Waetford","Australia","Pop","16030","5369","not following","is following","not following"
"AMTEE","India","Electronic","16035","1295","is following","not following","is following"
"Arin Ray","United States","R&B","16068","685","not following","is following","not following"
"Powderfinger","Australia","Rock","16072","1534","not following","is following","not following"
"Ann Wilson","United States","Rock","16091","1537","is following","not following","not following"
"Jai Wolf","United States","Electronic","16101","1303","is following","is following","not following"
"ESSEL","United Kingdom","Electronic","16161","1312","not following","is following","not following"
"Terrace Martin","United States","R&B","16162","691","not following","is following","not following"
"Frankie Grande","United States","Rock","16178","1545","not following","is following","not following"